{"dataset_name": "Adult", "proctected_feature": "sex", "budget=1": {"fc=0.1": {"Error": [0.1630996240388784, 0.0036415530046901533], "EOD": [0.05800736100196489, 0.02670439430084194]}, "fc=0.2": {"Error": [0.1635663684870287, 0.0032262216992628144], "EOD": [0.04176258956986398, 0.019367570007124062]}, "fc=0.3": {"Error": [0.16436632961758318, 0.0039175574692159485], "EOD": [0.06143638996035298, 0.03496239416744485]}, "fc=0.4": {"Error": [0.16556637962591791, 0.003064018367403353], "EOD": [0.03859896924301188, 0.01797866993706686]}, "fc=0.5": {"Error": [0.1695998407472178, 0.00583937316016198], "EOD": [0.04896946712094188, 0.02390571865424039]}, "fc=1": {"Error": [0.18116699086112006, 0.010377385990377484], "EOD": [0.08490293511262408, 0.0703336870251921]}, "fc=1.5": {"Error": [0.17976701875649123, 0.007765315888493833], "EOD": [0.1705207797838475, 0.13368811637994957]}, "fc=2": {"Error": [0.19153425769447005, 0.012147040515165866], "EOD": [0.1347727976221483, 0.09843027845023744]}, "fc=3": {"Error": [0.2167023413361761, 0.025994160258874466], "EOD": [0.13559911237536645, 0.15354425908314687]}, "fc=4": {"Error": [0.21523370806389924, 0.018068845397587085], "EOD": [0.15162530841923508, 0.08576878787738461]}, "fc=5": {"Error": [0.25426969211119516, 0.04122376729696596], "EOD": [0.08700690990875366, 0.06936404476440594]}}, "budget=0.1": {"fc=0.1": {"Error": [0.17283356860185833, 0.004748569177311663], "EOD": [0.09511947831028064, 0.027989735386645485]}, "fc=0.2": {"Error": [0.17426696303056377, 0.005912984522406825], "EOD": [0.09105704348491037, 0.05040508867334342]}, "fc=0.3": {"Error": [0.1745333852453718, 0.004433402845371255], "EOD": [0.08911645926770158, 0.05105581512413374]}, "fc=0.4": {"Error": [0.1756001574851895, 0.0048756059867702825], "EOD": [0.07528299657223518, 0.06279778792272094]}, "fc=0.5": {"Error": [0.17389985746481082, 0.004815732198860981], "EOD": [0.08322803323928604, 0.03258702342184722]}, "fc=1": {"Error": [0.18256617423239369, 0.007191567239439025], "EOD": [0.08610685942718695, 0.03015548873642027]}, "fc=1.5": {"Error": [0.18533256870368242, 0.011816659247675445], "EOD": [0.0885347957519759, 0.022263245985914334]}, "fc=2": {"Error": [0.18983245765738305, 0.011957449087117846], "EOD": [0.09702164035298715, 0.028342974185454166]}, "fc=3": {"Error": [0.20673271321479753, 0.025960947797710774], "EOD": [0.08035004977582456, 0.04870575767255805]}, "fc=4": {"Error": [0.2192321522175597, 0.029765622789851093], "EOD": [0.07629946201045243, 0.043823131003705156]}, "fc=5": {"Error": [0.23693050822121778, 0.03226884076017604], "EOD": [0.05833425853700158, 0.03382423996746146]}}, "budget=0.01": {"fc=0.1": {"Error": [0.1908660910907247, 0.00831135356252052], "EOD": [0.26156387658997887, 0.15425586194532184]}, "fc=0.2": {"Error": [0.18946612998794804, 0.00933168552666267], "EOD": [0.27341926105474734, 0.17145010355076154]}, "fc=0.3": {"Error": [0.194499207812015, 0.010464106248855614], "EOD": [0.25363833839403144, 0.1528711875942889]}, "fc=0.4": {"Error": [0.1915324911407173, 0.012125706577980727], "EOD": [0.25255946354742714, 0.17043581895548826]}, "fc=0.5": {"Error": [0.19086583002312485, 0.012144608991699096], "EOD": [0.2583431676780056, 0.16627347924103356]}, "fc=1": {"Error": [0.18906579666571652, 0.012140636255036174], "EOD": [0.27116541661387966, 0.17875157741537764]}, "fc=1.5": {"Error": [0.1933992022536815, 0.011125086237071948], "EOD": [0.2799669927834261, 0.17946132343564875]}, "fc=2": {"Error": [0.1974322467110809, 0.016420303799881162], "EOD": [0.2969438042375783, 0.16807880000066808]}, "fc=3": {"Error": [0.19659867453051869, 0.016571505571171177], "EOD": [0.3018946282999244, 0.15269667877690635]}, "fc=4": {"Error": [0.20529864122866592, 0.014712262578919522], "EOD": [0.2888355183382838, 0.1619443446682089]}, "fc=5": {"Error": [0.2354652691944056, 0.03794237251322877], "EOD": [0.2442572416176349, 0.1058495454715601]}}}