{"K": [1, 1, 2, 2], "budget": [1, 0.1, 1, 0.1], "Error": [0.17480419930011665, 0.21163139476753876, 0.17533333333333334, 0.198], "Equal opportunity difference": [0.1279800440795572, 0.200548404372915, 0.04794776109138077, 0.09440298516691448], "fc": [1, 1, 1, 1]}