{"dataset_name": "Bank Marketing", "proctected_feature": "age", "budget=1": {"fc=0.1": {"Error": [0.10551693182798068, 0.002341879718131723], "EOD": [0.10586832360413849, 0.0673189074717249]}, "fc=0.2": {"Error": [0.11112603271275304, 0.007603249455945413], "EOD": [0.16786247099075605, 0.03227586148648139]}, "fc=0.3": {"Error": [0.12201567175206682, 0.007320154820570574], "EOD": [0.15189906881694232, 0.08655839999638858]}, "fc=0.4": {"Error": [0.1291987257711277, 0.00624429229248742], "EOD": [0.15929853199646202, 0.06135657921608932]}, "fc=0.5": {"Error": [0.13844815474417543, 0.006203762739995488], "EOD": [0.15286311078150172, 0.023313033552078664]}, "fc=1": {"Error": [0.18098927403715365, 0.004880391504774743], "EOD": [0.0781528528592388, 0.02194069958965581]}, "fc=1.5": {"Error": [0.19499500074046167, 0.011238341014449862], "EOD": [0.04252632882341602, 0.015373367917638487]}, "fc=2": {"Error": [0.20801572780445224, 0.008456254100748396], "EOD": [0.03757669177834204, 0.009127116077532011]}, "fc=3": {"Error": [0.2222840615472405, 0.008015556362404428], "EOD": [0.02971644839612324, 0.010497909824166606]}, "fc=4": {"Error": [0.22982818545249092, 0.00120945929386446], "EOD": [0.02713055643080654, 0.012723799062073547]}, "fc=5": {"Error": [0.23783114278064907, 0.004768035161282103], "EOD": [0.02165580348322396, 0.010908926943724532]}}, "budget=0.1": {"fc=0.1": {"Error": [0.1115190072724473, 0.0062146393483854916], "EOD": [0.11743381649125359, 0.07396305501134967]}, "fc=0.2": {"Error": [0.11394631762993297, 0.00501090064241026], "EOD": [0.15352986019636822, 0.06699981426167903]}, "fc=0.3": {"Error": [0.11581612730411206, 0.004923325290603801], "EOD": [0.10421936633129159, 0.052334248308009416]}, "fc=0.4": {"Error": [0.12257297340099135, 0.00891372671304769], "EOD": [0.12089004386756841, 0.027280930772796058]}, "fc=0.5": {"Error": [0.12719766099097707, 0.009853450141961484], "EOD": [0.14326415363440842, 0.04135962382813558]}, "fc=1": {"Error": [0.15127251018343277, 0.006531754127254594], "EOD": [0.11756355554414125, 0.09960708628758465]}, "fc=1.5": {"Error": [0.17088691818551865, 0.01842685944023598], "EOD": [0.07657589064320651, 0.057914344348637764]}, "fc=2": {"Error": [0.18876295989516373, 0.012042167989284784], "EOD": [0.11463519241669846, 0.11272090922861244]}, "fc=3": {"Error": [0.2055562330494655, 0.013178247777011619], "EOD": [0.08122586594632417, 0.07325243372182055]}, "fc=4": {"Error": [0.20945858721199784, 0.017057307404748902], "EOD": [0.06476206918193964, 0.046431347818909854]}, "fc=5": {"Error": [0.22362838817707792, 0.013845703498498046], "EOD": [0.06251423359508432, 0.049862749136644825]}}, "budget=0.01": {"fc=0.1": {"Error": [0.11991571915990488, 0.00599373911039642], "EOD": [0.12514379698004244, 0.07849163740246895]}, "fc=0.2": {"Error": [0.12132613596318353, 0.006268053463352276], "EOD": [0.1371988271491837, 0.07544852475479075]}, "fc=0.3": {"Error": [0.12385183385707163, 0.006864677877073415], "EOD": [0.1375595662604035, 0.08002698930672755]}, "fc=0.4": {"Error": [0.12995238828617028, 0.013065825653781154], "EOD": [0.13787593952644744, 0.06192010901996036]}, "fc=0.5": {"Error": [0.12716476114556224, 0.008419345307331601], "EOD": [0.13041331337782125, 0.08120818310366029]}, "fc=1": {"Error": [0.1359225160226712, 0.017287805427873733], "EOD": [0.1575758454352776, 0.08540800099377509]}, "fc=1.5": {"Error": [0.14635263308770158, 0.02230514230213881], "EOD": [0.17325776757627553, 0.08881729003261835]}, "fc=2": {"Error": [0.15989855271342224, 0.03183649019635739], "EOD": [0.17247276760988287, 0.09585037939767782]}, "fc=3": {"Error": [0.20109274717098174, 0.06705236816892612], "EOD": [0.18451768406727814, 0.07967109665215802]}, "fc=4": {"Error": [0.25042494109523666, 0.0908195323147193], "EOD": [0.10449427866045388, 0.05725892873530198]}, "fc=5": {"Error": [0.27921970776050653, 0.11061713949794988], "EOD": [0.1713552636084983, 0.12127152200791808]}}}