{"dataset_name": "Compas", "proctected_feature": "sex", "budget=1": {"fc=0.1": {"Error": [0.2799452509308168, 0.03148447317600284], "EOD": [0.056729497410012875, 0.02229034692188724]}, "fc=0.2": {"Error": [0.2838090542748656, 0.03626145863738357], "EOD": [0.030407428010298342, 0.022208784665161678]}, "fc=0.3": {"Error": [0.27462118746295705, 0.025750088995996415], "EOD": [0.03600173069112454, 0.030474794918977362]}, "fc=0.4": {"Error": [0.28398124394766344, 0.030577845945539636], "EOD": [0.05018296872218884, 0.025788744320097853]}, "fc=0.5": {"Error": [0.2908518457992998, 0.04232919564901398], "EOD": [0.04813230990175372, 0.02878530744834729]}, "fc=1": {"Error": [0.29085195646136885, 0.04415865847364186], "EOD": [0.04652672066048604, 0.038880715299502606]}, "fc=1.5": {"Error": [0.2856115559240787, 0.0275711659634985], "EOD": [0.03752870673011096, 0.012815955678473505]}, "fc=2": {"Error": [0.3125444802149424, 0.01911274614311289], "EOD": [0.034921651611847494, 0.023535183725282485]}, "fc=3": {"Error": [NaN, NaN], "EOD": [NaN, NaN]}, "fc=4": {"Error": [NaN, NaN], "EOD": [NaN, NaN]}, "fc=5": {"Error": [NaN, NaN], "EOD": [NaN, NaN]}}, "budget=0.1": {"fc=0.1": {"Error": [0.2955704442213556, 0.02919757373541967], "EOD": [0.05608177281611715, 0.04145297250683968]}, "fc=0.2": {"Error": [0.29943671768843466, 0.020727845404083768], "EOD": [0.04142274941527126, 0.05039304755269781]}, "fc=0.3": {"Error": [0.29677640078912465, 0.015360245147440567], "EOD": [0.0394146407830564, 0.04714744430155212]}, "fc=0.4": {"Error": [0.2975481582484938, 0.019018330702853317], "EOD": [0.03998181261566658, 0.04632432981319391]}, "fc=0.5": {"Error": [0.2959165928302112, 0.02362346962344874], "EOD": [0.031431389980052175, 0.04000350668179475]}, "fc=1": {"Error": [0.30355898928187675, 0.024063676158320765], "EOD": [0.0380907826689509, 0.03954273353704849]}, "fc=1.5": {"Error": [0.29505737677879934, 0.026422926489593747], "EOD": [0.025933110838602797, 0.025881401820521437]}, "fc=2": {"Error": [0.33883774649548426, 0.029574049492246467], "EOD": [0.04319504326234338, 0.036140047732927685]}, "fc=3": {"Error": [NaN, NaN], "EOD": [NaN, NaN]}, "fc=4": {"Error": [NaN, NaN], "EOD": [NaN, NaN]}, "fc=5": {"Error": [NaN, NaN], "EOD": [NaN, NaN]}}, "budget=0.01": {"fc=0.1": {"Error": [0.3534492537345852, 0.033786968958088255], "EOD": [0.047319357379320595, 0.03519541103865828]}, "fc=0.2": {"Error": [0.3531913005150102, 0.03512855102867469], "EOD": [0.045908701868719794, 0.034023290263605725]}, "fc=0.3": {"Error": [0.3509584721065758, 0.03487042797886118], "EOD": [0.046047984449497446, 0.03760902295223018]}, "fc=0.4": {"Error": [0.3506156039077344, 0.0323609213281752], "EOD": [0.04752084200529439, 0.041922463948222584]}, "fc=0.5": {"Error": [0.35018594020270133, 0.03335277026976789], "EOD": [0.04886856536473878, 0.046346762774913515]}, "fc=1": {"Error": [0.344774970534918, 0.0375436044722136], "EOD": [0.05168478839413239, 0.04386699553016925]}, "fc=1.5": {"Error": [0.3470083151763633, 0.037475353931410715], "EOD": [0.05801528134611601, 0.07079175728088068]}, "fc=2": {"Error": [0.3747839488541258, 0.016104497212837764], "EOD": [0.0324566001280804, 0.03714851574921128]}, "fc=3": {"Error": [NaN, NaN], "EOD": [NaN, NaN]}, "fc=4": {"Error": [NaN, NaN], "EOD": [NaN, NaN]}, "fc=5": {"Error": [NaN, NaN], "EOD": [NaN, NaN]}}}