{"dataset_name": "Zindi", "proctected_feature": "sex", "budget=1": {"fc=0.1": {"Error": [0.11350147657362623, 0.006428433088487033], "EOD": [0.054094362732855304, 0.03799057145550548]}, "fc=0.2": {"Error": [0.11549939635790549, 0.0071838706602693715], "EOD": [0.045133173340363826, 0.024379721029678638]}, "fc=0.3": {"Error": [0.12085549097428554, 0.007859136738946788], "EOD": [0.028269395444048738, 0.017271783241701217]}, "fc=0.4": {"Error": [0.12957010381198172, 0.009194084832415145], "EOD": [0.026512427828684328, 0.021436892607041732]}, "fc=0.5": {"Error": [0.13556374568956164, 0.0070879982066607596], "EOD": [0.02912862388402452, 0.026827314170826053]}, "fc=1": {"Error": [0.14087749499374666, 0.0036265738995781807], "EOD": [0.0, 0.0]}, "fc=1.5": {"Error": [0.14079247905325784, 0.0036247230094656746], "EOD": [0.0, 0.0]}, "fc=2": {"Error": [0.14079247905325784, 0.0036247230094656746], "EOD": [0.0, 0.0]}, "fc=3": {"Error": [0.14079247905325784, 0.0036247230094656746], "EOD": [0.0, 0.0]}, "fc=4": {"Error": [0.14079247905325784, 0.0036247230094656746], "EOD": [0.0, 0.0]}, "fc=5": {"Error": [0.14079247905325784, 0.0036247230094656746], "EOD": [0.0, 0.0]}}, "budget=0.1": {"fc=0.1": {"Error": [0.12251345543530903, 0.007290526173205553], "EOD": [0.09582017811196722, 0.05853823555237786]}, "fc=0.2": {"Error": [0.1231513189760495, 0.007109089414077973], "EOD": [0.0892450154464609, 0.050179014637738224]}, "fc=0.3": {"Error": [0.12361874399068866, 0.004576495060504473], "EOD": [0.08350699611922192, 0.05445183478837951]}, "fc=0.4": {"Error": [0.12323619033160552, 0.005429426953137389], "EOD": [0.07139582222125658, 0.055422413916810694]}, "fc=0.5": {"Error": [0.12846497791465147, 0.005791397475957698], "EOD": [0.05866751241450483, 0.03040226260416369]}, "fc=1": {"Error": [0.1381144769278593, 0.004340659926030517], "EOD": [0.013379795329991121, 0.010163673251018447]}, "fc=1.5": {"Error": [0.14062244717228012, 0.0037330594883402857], "EOD": [0.00019881095754908001, 0.00039762191509816003]}, "fc=2": {"Error": [0.14079247905325784, 0.0036247230094656746], "EOD": [0.0, 0.0]}, "fc=3": {"Error": [0.14079247905325784, 0.0036247230094656746], "EOD": [0.0, 0.0]}, "fc=4": {"Error": [0.14079247905325784, 0.0036247230094656746], "EOD": [0.0, 0.0]}, "fc=5": {"Error": [0.14079247905325784, 0.0036247230094656746], "EOD": [0.0, 0.0]}}, "budget=0.01": {"fc=0.1": {"Error": [0.13951702306852595, 0.010447441000983434], "EOD": [0.08997671297183513, 0.04437033987961615]}, "fc=0.2": {"Error": [0.13539378610105035, 0.0035595921401825317], "EOD": [0.08836761923989965, 0.04620795611419554]}, "fc=0.3": {"Error": [0.1388793854417431, 0.008301282345380977], "EOD": [0.0949100772378807, 0.04863855927109949]}, "fc=0.4": {"Error": [0.1351812010670368, 0.003219570199736993], "EOD": [0.07266774402064152, 0.04401950406569176]}, "fc=0.5": {"Error": [0.13148297150953897, 0.00463918534007889], "EOD": [0.07488119495702608, 0.04378659319689874]}, "fc=1": {"Error": [0.13335337641964326, 0.006172781564211297], "EOD": [0.028102355418842696, 0.02311726657919841]}, "fc=1.5": {"Error": [0.1356065066834385, 0.00569672720986945], "EOD": [0.01391562391258834, 0.017126517186639538]}, "fc=2": {"Error": [0.1376893972254151, 0.0037901607671700353], "EOD": [0.004031312976283059, 0.005052697522239371]}, "fc=3": {"Error": [0.13730682549321532, 0.0050329707294413835], "EOD": [0.00291670211864172, 0.00583340423728344]}, "fc=4": {"Error": [0.13807196895761487, 0.004175650369106915], "EOD": [0.0087177089282878, 0.011736263358717214]}, "fc=5": {"Error": [0.14223775004156816, 0.013120408385533943], "EOD": [0.03001073461284834, 0.04589651192896128]}}}