{"dataset_name": "Adult", "proctected_feature": "sex", "budget=1": {"fc=0.1": {"Error": [0.167499863, 0.003995318051938088], "EOD": [0.1168038348, 0.07572206033662013]}, "fc=0.2": {"Error": [0.173166813, 0.004317421250331219], "EOD": [0.164919818, 0.0702095841012644]}, "fc=0.3": {"Error": [0.1770333964, 0.00792556754753323], "EOD": [0.22496222819999998, 0.05092504428989172]}, "fc=0.4": {"Error": [0.1821672522, 0.009106069806005892], "EOD": [0.2447315612, 0.025003616129667762]}, "fc=0.5": {"Error": [0.1871669742, 0.013068538723658861], "EOD": [0.237190932, 0.022526081939827722]}, "fc=1": {"Error": [0.2135013524, 0.019082914191188946], "EOD": [0.16213320979999998, 0.1253856884083653]}, "fc=1.5": {"Error": [0.2383999084, 0.003492052723607562], "EOD": [0.0094519922, 0.009152480664689272]}, "fc=2": {"Error": [0.2398000084, 0.0036464700880406327], "EOD": [0.0011647253999999998, 0.0023294507999999997]}, "fc=3": {"Error": [0.23996667499999996, 0.003346153345207415], "EOD": [0.0, 0.0]}, "fc=4": {"Error": [0.23996667499999996, 0.003346153345207415], "EOD": [0.0, 0.0]}, "fc=5": {"Error": [0.23996667499999996, 0.003346153345207415], "EOD": [0.0, 0.0]}}, "budget=0.1": {"fc=0.1": {"Error": [0.17530024100000002, 0.005824727323387215], "EOD": [0.1417470508, 0.06708636804575763]}, "fc=0.2": {"Error": [0.177933474, 0.004909570724889409], "EOD": [0.1252586438, 0.05885595367943477]}, "fc=0.3": {"Error": [0.1827330798, 0.007713222961897306], "EOD": [0.13153964939999999, 0.07541706384812856]}, "fc=0.4": {"Error": [0.1854329468, 0.010235620576984347], "EOD": [0.1544246826, 0.07263048495584712]}, "fc=0.5": {"Error": [0.19409950780000002, 0.0077832624152808895], "EOD": [0.128488279, 0.050430174391226]}, "fc=1": {"Error": [0.20839915800000003, 0.008960204305791758], "EOD": [0.11679468579999999, 0.019963604654354438]}, "fc=1.5": {"Error": [0.2236993138, 0.012754754059457597], "EOD": [0.066245407, 0.04541820796471966]}, "fc=2": {"Error": [0.2281655248, 0.013377846501998294], "EOD": [0.0473495216, 0.05861949205699479]}, "fc=3": {"Error": [0.2272984304, 0.016892990688153482], "EOD": [0.074780058, 0.11120359778323717]}, "fc=4": {"Error": [0.23079910259999997, 0.01026129971364475], "EOD": [0.0692666438, 0.0921434324092495]}, "fc=5": {"Error": [0.25783711460000003, 0.05009261887866711], "EOD": [0.0411806292, 0.05458419183050553]}}, "budget=0.01": {"fc=0.1": {"Error": [0.206634036, 0.01659732468375988], "EOD": [0.131152015, 0.07324547041532686]}, "fc=0.2": {"Error": [0.20603429680000002, 0.018488186722942716], "EOD": [0.12784235260000001, 0.07048181880739678]}, "fc=0.3": {"Error": [0.2081673248, 0.01845622769843435], "EOD": [0.11957868199999999, 0.07231767787000805]}, "fc=0.4": {"Error": [0.2095006304, 0.01795358869251516], "EOD": [0.1040830878, 0.04112378263738585]}, "fc=0.5": {"Error": [0.2093672916, 0.01766604067062043], "EOD": [0.110927878, 0.05039899359184802]}, "fc=1": {"Error": [0.2106005192, 0.019593675314095983], "EOD": [0.09580308, 0.049440236339625285]}, "fc=1.5": {"Error": [0.22013331379999998, 0.021238176532469694], "EOD": [0.079728957, 0.05615187091507465]}, "fc=2": {"Error": [0.22923329720000002, 0.018742665605444783], "EOD": [0.0656496066, 0.06324120964083081]}, "fc=3": {"Error": [0.2428003806, 0.006101705537455856], "EOD": [0.039739387400000006, 0.07107378718249072]}, "fc=4": {"Error": [0.25523440839999995, 0.017655787544582087], "EOD": [0.0412745528, 0.055722295599033675]}, "fc=5": {"Error": [0.271534453, 0.04564090547503669], "EOD": [0.024728027800000003, 0.0380075404538028]}}}