{"dataset_name": "Adult", "proctected_feature": "Race", "budget=1": {"fc=0.1": {"Error": [0.1632326964, 0.006241890183412638], "EOD": [0.22749149600000002, 0.09527836287672055]}, "fc=0.2": {"Error": [0.1620328184, 0.005197329563438458], "EOD": [0.1873844966, 0.09615792469931773]}, "fc=0.3": {"Error": [0.1626993518, 0.007338046622251682], "EOD": [0.1551953002, 0.05025716975533037]}, "fc=0.4": {"Error": [0.1656995516, 0.006177819018069229], "EOD": [0.0929687614, 0.03849757817157219]}, "fc=0.5": {"Error": [0.1684998354, 0.00706393343841304], "EOD": [0.0995078868, 0.08024419808027154]}, "fc=1": {"Error": [0.18333375199999996, 0.015155653371231344], "EOD": [0.0734185704, 0.038865635286367016]}, "fc=1.5": {"Error": [0.2096670524, 0.024838198739847602], "EOD": [0.0671569448, 0.040654521010362835]}, "fc=2": {"Error": [0.22266660800000002, 0.026809578882063305], "EOD": [0.059927003599999994, 0.023858921210570382]}, "fc=3": {"Error": [0.3008004976, 0.016651081809835655], "EOD": [0.0366736402, 0.02179638381612678]}, "fc=4": {"Error": [0.3645994538, 0.022658841905233654], "EOD": [0.027676367999999996, 0.013613690661252297]}, "fc=5": {"Error": [0.456965516, 0.05421451658947585], "EOD": [0.0176496366, 0.005774374487847202]}}, "budget=0.1": {"fc=0.1": {"Error": [0.170899702, 0.004827044605339662], "EOD": [0.2119128302, 0.041798631698231864]}, "fc=0.2": {"Error": [0.172599852, 0.002460516445905374], "EOD": [0.2217927112, 0.059232692966984656]}, "fc=0.3": {"Error": [0.17613301859999997, 0.00583201317456432], "EOD": [0.20500958200000002, 0.05236660492041526]}, "fc=0.4": {"Error": [0.17753334080000002, 0.006523137078143537], "EOD": [0.219274142, 0.06942030619712776]}, "fc=0.5": {"Error": [0.18176625759999998, 0.011355013866440245], "EOD": [0.21495715080000002, 0.05751111927378769]}, "fc=1": {"Error": [0.20526583020000003, 0.013456724739584099], "EOD": [0.19346417040000002, 0.09398020458812378]}, "fc=1.5": {"Error": [0.2426674916, 0.013792754788180338], "EOD": [0.1554740652, 0.07128100059957045]}, "fc=2": {"Error": [0.2850999756, 0.018824063345693948], "EOD": [0.1118000734, 0.05167976479255161]}, "fc=3": {"Error": [0.35036501500000006, 0.03442542245533071], "EOD": [0.0842199124, 0.05142674018297122]}, "fc=4": {"Error": [0.3951318876, 0.059698877590754304], "EOD": [0.0616223552, 0.05109853904289708]}, "fc=5": {"Error": [0.42913052119999995, 0.0496132309544623], "EOD": [0.0436561186, 0.04285441515816294]}}, "budget=0.01": {"fc=0.1": {"Error": [0.19543376920000002, 0.012212451435752565], "EOD": [0.1481138826, 0.08814410668636874]}, "fc=0.2": {"Error": [0.19370046879999997, 0.012637263459738873], "EOD": [0.13904816920000002, 0.06765142595858807]}, "fc=0.3": {"Error": [0.19516663000000004, 0.01208464885773334], "EOD": [0.12958984319999997, 0.047652805660713914]}, "fc=0.4": {"Error": [0.19433325220000003, 0.012359302330235702], "EOD": [0.13317321720000003, 0.05422267263139301]}, "fc=0.5": {"Error": [0.1983991136, 0.017926983583620326], "EOD": [0.140802201, 0.06792599319466418]}, "fc=1": {"Error": [0.2104651638, 0.027258787945880523], "EOD": [0.11871018100000001, 0.061470347532297895]}, "fc=1.5": {"Error": [0.2170299638, 0.048758961632783905], "EOD": [0.1180181284, 0.06071829954650244]}, "fc=2": {"Error": [0.23469527, 0.06747560217096198], "EOD": [0.13596364560000002, 0.084563126871802]}, "fc=3": {"Error": [0.26689540920000004, 0.07235236460056005], "EOD": [0.0994870596, 0.06716528043721343]}, "fc=4": {"Error": [0.2990268324, 0.10934448417494928], "EOD": [0.1008877646, 0.07690414636309185]}, "fc=5": {"Error": [0.30686118779999993, 0.1060079249848303], "EOD": [0.0782972196, 0.060455212108451464]}}}