{"dataset_name": "Compas", "proctected_feature": "sex", "budget=1": {"fc=0.1": {"Error": [0.1023679928, 0.002473082812254082], "EOD": [0.10411231080000001, 0.044115853879882705]}, "fc=0.2": {"Error": [0.10804259199999999, 0.0028179802497691874], "EOD": [0.14040112259999998, 0.06343130048081452]}, "fc=0.3": {"Error": [0.117947866, 0.007170300511995073], "EOD": [0.135604409, 0.08089783105594793]}, "fc=0.4": {"Error": [0.125360848, 0.008934446911088132], "EOD": [0.12245687799999998, 0.07671957358057015]}, "fc=0.5": {"Error": [0.13192060160000002, 0.009810275957164376], "EOD": [0.1480217914, 0.06186311130670398]}, "fc=1": {"Error": [0.1690171784, 0.011884455227868032], "EOD": [0.0984987742, 0.042107148545668265]}, "fc=1.5": {"Error": [0.19214089620000002, 0.013963977196867872], "EOD": [0.0682279014, 0.02858560926149978]}, "fc=2": {"Error": [0.201554566, 0.008063089411783325], "EOD": [0.0638359498, 0.03184188593933872]}, "fc=3": {"Error": [0.2216606322, 0.008776047825934637], "EOD": [0.0335171176, 0.021414047369300467]}, "fc=4": {"Error": [0.23130382100000002, 0.013608094142501078], "EOD": [0.020407235000000003, 0.013616905120879473]}, "fc=5": {"Error": [0.2375352596, 0.01925704886201827], "EOD": [0.024614924800000004, 0.009202577138790077]}}, "budget=0.1": {"fc=0.1": {"Error": [0.1090915948, 0.00684901835052894], "EOD": [0.10840891459999999, 0.02800386002557541]}, "fc=0.2": {"Error": [0.112207747, 0.00555425158805184], "EOD": [0.10015471520000001, 0.04023819478505603]}, "fc=0.3": {"Error": [0.11984983360000001, 0.010348332209845615], "EOD": [0.10971245339999999, 0.05653932834068081]}, "fc=0.4": {"Error": [0.1267705976, 0.009391453471071207], "EOD": [0.0921230786, 0.024170546252018085]}, "fc=0.5": {"Error": [0.1326091312, 0.007967185843823289], "EOD": [0.08826660820000001, 0.034890071275782045]}, "fc=1": {"Error": [0.15825868159999998, 0.005015262089118636], "EOD": [0.039631017, 0.03704635981840364]}, "fc=1.5": {"Error": [0.1783649896, 0.006149904236972659], "EOD": [0.0722166198, 0.05546291434160751]}, "fc=2": {"Error": [0.1972248582, 0.014571067205594979], "EOD": [0.0445255446, 0.03914991855938365]}, "fc=3": {"Error": [0.21185413820000001, 0.011481866694399975], "EOD": [0.0376676104, 0.03194533903641242]}, "fc=4": {"Error": [0.2368811354, 0.02089938314541846], "EOD": [0.028991482399999997, 0.030352625948023685]}, "fc=5": {"Error": [0.2509186324, 0.019652677637608116], "EOD": [0.034173562, 0.020914468338420426]}}, "budget=0.01": {"fc=0.1": {"Error": [0.1223105922, 0.0067314149664247655], "EOD": [0.098911019, 0.09751452488575375]}, "fc=0.2": {"Error": [0.12414739459999999, 0.007882151088780842], "EOD": [0.1064194136, 0.0673292268231166]}, "fc=0.3": {"Error": [0.1265418588, 0.008258603422127142], "EOD": [0.1473085992, 0.1111589562985898]}, "fc=0.4": {"Error": [0.1298874546, 0.010185315709543629], "EOD": [0.1491790684, 0.096550724950078]}, "fc=0.5": {"Error": [0.1334299008, 0.01147075287962539], "EOD": [0.1494233734, 0.0940977004699123]}, "fc=1": {"Error": [0.1479278182, 0.01706845348019764], "EOD": [0.1325497762, 0.09926517623588776]}, "fc=1.5": {"Error": [0.16150735319999998, 0.019707818131815283], "EOD": [0.121400722, 0.09109706990441327]}, "fc=2": {"Error": [0.18131815959999997, 0.023436586193312663], "EOD": [0.12832427200000002, 0.0898259480875722]}, "fc=3": {"Error": [0.21716877019999997, 0.03398905236117493], "EOD": [0.153138468, 0.1037570552494725]}, "fc=4": {"Error": [0.23678297399999998, 0.03492422943338867], "EOD": [0.1444033618, 0.10147509902807286]}, "fc=5": {"Error": [0.2822107102, 0.029536031498979685], "EOD": [0.1257703394, 0.07493842695414604]}}}