{"dataset_name": "Compas", "proctected_feature": "sex", "budget=1": {"fc=0.1": {"Error": [0.29127774955868635, 0.036267519074967725], "EOD": [0.07338033683494141, 0.02966016636898327]}, "fc=0.2": {"Error": [0.2834651164060161, 0.04396123154424447], "EOD": [0.054816802358358466, 0.023175777943005394]}, "fc=0.3": {"Error": [0.2809759202377443, 0.023454323240300164], "EOD": [0.05196319739426616, 0.02675361099976137]}, "fc=0.4": {"Error": [0.29462859545732556, 0.0454037478777727], "EOD": [0.04084501070195742, 0.025367280037168302]}, "fc=0.5": {"Error": [0.2899037688663708, 0.04542491553460783], "EOD": [0.0268651419001541, 0.032923207093316614]}, "fc=1": {"Error": [0.28921751626733994, 0.04844688763943449], "EOD": [0.042406328559415535, 0.020481092984272416]}, "fc=1.5": {"Error": [0.29385584229263895, 0.037822185862743], "EOD": [0.038038318638192, 0.024160965637408587]}, "fc=2": {"Error": [0.29394234311159845, 0.04014655135836828], "EOD": [0.03866286963100314, 0.018846482157352882]}, "fc=3": {"Error": [0.31833517887268015, 0.0319716968047041], "EOD": [0.028364548786003717, 0.01566236460180353]}, "fc=4": {"Error": [0.40274861563651426, 0.027865136996073618], "EOD": [0.018503448140891547, 0.024896783040416686]}, "fc=5": {"Error": [0.4041219324197415, 0.02878906508885666], "EOD": [0.02355489139067122, 0.03018291969713698]}}, "budget=0.1": {"fc=0.1": {"Error": [0.2982327158339221, 0.03628897371363642], "EOD": [0.06407640967548615, 0.02734520529019068]}, "fc=0.2": {"Error": [0.3093974106798313, 0.04570777633105748], "EOD": [0.05808737280551289, 0.02641900225776769]}, "fc=0.3": {"Error": [0.3094845757561716, 0.0306055327862162], "EOD": [0.05846751730035915, 0.03746589600630479]}, "fc=0.4": {"Error": [0.29582990884098864, 0.02999626412418582], "EOD": [0.06286570432386904, 0.017820516898567947]}, "fc=0.5": {"Error": [0.2956578298935857, 0.02769155449354748], "EOD": [0.05274685526727681, 0.020275029457683977]}, "fc=1": {"Error": [0.29531551396021155, 0.03309090664134493], "EOD": [0.052152036126180655, 0.030255925580501417]}, "fc=1.5": {"Error": [0.3067371680301784, 0.016626461266979448], "EOD": [0.03826679319322944, 0.015600981750313797]}, "fc=2": {"Error": [0.31910852245670907, 0.012360892775007822], "EOD": [0.04457384661283524, 0.027575988344026917]}, "fc=3": {"Error": [0.3450447990135238, 0.038130398553709775], "EOD": [0.01760802314816764, 0.03117762184835183]}, "fc=4": {"Error": [0.3657353257014565, 0.031966006935078894], "EOD": [0.01883951446185523, 0.022370345517304477]}, "fc=5": {"Error": [0.3721768916613658, 0.020439325820346414], "EOD": [0.00910107861420374, 0.014196231885580836]}}, "budget=0.01": {"fc=0.1": {"Error": [0.3205603384472254, 0.027747162975341803], "EOD": [0.07188083340293391, 0.028431008806427703]}, "fc=0.2": {"Error": [0.3241662993287571, 0.03099909311710925], "EOD": [0.057901259625707524, 0.025739084131269213]}, "fc=0.3": {"Error": [0.3180692987976995, 0.029549536778839813], "EOD": [0.05467618640737696, 0.029591527376935618]}, "fc=0.4": {"Error": [0.3215901974038432, 0.03026032075407863], "EOD": [0.04519716994371556, 0.033458476701818674]}, "fc=0.5": {"Error": [0.3208180337719357, 0.026538405392509273], "EOD": [0.05953089309323356, 0.022048678537000266]}, "fc=1": {"Error": [0.31901682280023896, 0.021356669501276918], "EOD": [0.05533609804950597, 0.030459027065147717]}, "fc=1.5": {"Error": [0.314036659585624, 0.024236455937651138], "EOD": [0.035380461509222305, 0.02133276019701076]}, "fc=2": {"Error": [0.31695282839171623, 0.03359850268056646], "EOD": [0.03152624538020872, 0.018992620024356283]}, "fc=3": {"Error": [0.32656903229367407, 0.042657093384072746], "EOD": [0.03307014283623776, 0.025367178677016555]}, "fc=4": {"Error": [0.3421114092263871, 0.055091381760554836], "EOD": [0.014012625153483555, 0.0154217663462172]}, "fc=5": {"Error": [0.3575748841038842, 0.035796818148045646], "EOD": [0.015331664556324547, 0.019062330470726113]}}}