{"dataset_name": "Compas", "proctected_feature": "sex", "budget=1": {"fc=0.1": {"Error": [0.11243862359999998, 0.004628190430988319], "EOD": [0.0689975792, 0.04392159758269271]}, "fc=0.2": {"Error": [0.1145642482, 0.006867977134638679], "EOD": [0.047281029999999995, 0.029451547593281033]}, "fc=0.3": {"Error": [0.12706205240000001, 0.005042682369274137], "EOD": [0.0317114452, 0.022061439855678173]}, "fc=0.4": {"Error": [0.1379442462, 0.004525221437751626], "EOD": [0.0112785142, 0.007687778213393578]}, "fc=0.5": {"Error": [0.139474669, 0.005169213063634773], "EOD": [0.0113168838, 0.021746925064816375]}, "fc=1": {"Error": [0.1407924792, 0.003624723132637376], "EOD": [0.0, 0.0]}, "fc=1.5": {"Error": [0.1407924792, 0.003624723132637376], "EOD": [0.0, 0.0]}, "fc=2": {"Error": [0.1407924792, 0.003624723132637376], "EOD": [0.0, 0.0]}, "fc=3": {"Error": [0.1407924792, 0.003624723132637376], "EOD": [0.0, 0.0]}, "fc=4": {"Error": [0.1407924792, 0.003624723132637376], "EOD": [0.0, 0.0]}, "fc=5": {"Error": [0.1407924792, 0.003624723132637376], "EOD": [0.0, 0.0]}}, "budget=0.1": {"fc=0.1": {"Error": [0.11941012079999999, 0.0058338580132911155], "EOD": [0.0788603402, 0.05845501058366753]}, "fc=0.2": {"Error": [0.11894258699999997, 0.004842486257638445], "EOD": [0.0793289626, 0.046052657488135154]}, "fc=0.3": {"Error": [0.121705795, 0.0043845267262552735], "EOD": [0.0729962326, 0.04804432947942984]}, "fc=0.4": {"Error": [0.1242138916, 0.004751202998769077], "EOD": [0.08170585500000001, 0.04069035212820476]}, "fc=0.5": {"Error": [0.1265093584, 0.004399579946798991], "EOD": [0.0693605192, 0.03437966644119648]}, "fc=1": {"Error": [0.1406224294, 0.0037031956255487017], "EOD": [0.0028993508, 0.003583135490382824]}, "fc=1.5": {"Error": [0.1407924792, 0.003624723132637376], "EOD": [0.0, 0.0]}, "fc=2": {"Error": [0.1407924792, 0.003624723132637376], "EOD": [0.0, 0.0]}, "fc=3": {"Error": [0.1407924792, 0.003624723132637376], "EOD": [0.0, 0.0]}, "fc=4": {"Error": [0.1407924792, 0.003624723132637376], "EOD": [0.0, 0.0]}, "fc=5": {"Error": [0.1407924792, 0.003624723132637376], "EOD": [0.0, 0.0]}}, "budget=0.01": {"fc=0.1": {"Error": [0.1323332482, 0.005564181914998875], "EOD": [0.0968702944, 0.04635611182401239]}, "fc=0.2": {"Error": [0.13241830039999997, 0.0059394867713479585], "EOD": [0.10300276460000002, 0.048953306504925576]}, "fc=0.3": {"Error": [0.13186544420000001, 0.004899129259294737], "EOD": [0.0871825996, 0.03553352797709386]}, "fc=0.4": {"Error": [0.13301324939999998, 0.00536301461996905], "EOD": [0.088496737, 0.03796664670001251]}, "fc=0.5": {"Error": [0.1338633274, 0.003389923072207133], "EOD": [0.07779238720000001, 0.03640611050942896]}, "fc=1": {"Error": [0.13747654120000002, 0.00413271426272059], "EOD": [0.019656342599999998, 0.014132381207170582]}, "fc=1.5": {"Error": [0.1393896258, 0.004340025990890484], "EOD": [0.0057431032, 0.007088889511422995]}, "fc=2": {"Error": [0.13960215660000003, 0.004024002666606695], "EOD": [0.0021006678, 0.003994377007689404]}, "fc=3": {"Error": [0.14053743140000002, 0.0037975024094302526], "EOD": [0.0026380684, 0.0052761368]}, "fc=4": {"Error": [0.14032489139999998, 0.003985877837167187], "EOD": [0.001900174, 0.0038003480000000003]}, "fc=5": {"Error": [0.13951724000000001, 0.0049753999698304826], "EOD": [0.0006824568, 0.0013649136]}}}